[
    {
        "fio": "Иванов Иван Игнатьевич",
        "gender": "Мужской",
        "position": "Главный по поеданию пончиков",
        "photo": "",
        "added_by": "Иванов И.И.",
        "added_date": "2025-06-11 13:19:22"
    },
    {
        "fio": "абв где ёжз",
        "gender": "Женский",
        "position": "ийк",
        "photo": "",
        "added_by": "Иванов И.И.",
        "added_date": "2025-06-11 14:47:08"
    },
    {
        "fio": "Надёжина Таисья Викторовна",
        "gender": "Женский",
        "position": "Любительница комиксов",
        "photo": "",
        "added_by": "Иванов И.И.",
        "added_date": "2025-06-11 21:27:30"
    },
    {
        "fio": "Образцова Вероника Сергеевна",
        "gender": "Женский",
        "position": "Послушница из дацана",
        "photo": "",
        "added_by": "Иванов И.И.",
        "added_date": "2025-06-13 13:51:37"
    }
]