[
    {
        "type": "individual",
        "dates": {
            "start": "2025-06-12",
            "end": "2025-06-12"
        },
        "purpose": "погулять по территории",
        "host": {
            "department": "Главный по поеданию пончиков",
            "employee": "Иванов Иван Игнатьевич"
        },
        "visitor": {
            "last_name": "Образцова",
            "first_name": "Вероника",
            "middle_name": "Сергеевна",
            "phone": "+7 (933) 331-82-41",
            "email": "SangoVai@mail.ru",
            "organization": "ККОТиП",
            "birth_date": "2007-05-31",
            "passport": {
                "series": "1111",
                "number": "111111"
            }
        },
        "documents": {
            "photo": "C:/Users/sango/Pictures/Screenshots/Снимок экрана 2025-06-07 143221.png",
            "passport_scan": "C:/Users/sango/Pictures/Screenshots/Снимок экрана 2025-04-21 103244.png"
        },
        "created_at": "2025-06-11 16:41:03",
        "status": "pending"
    },
    {
        "type": "group",
        "dates": {
            "start": "2025-06-12",
            "end": "2025-06-12"
        },
        "purpose": "детский садик на пробежке",
        "host": {
            "department": "ийк",
            "employee": "абв где ёжз"
        },
        "visitor": {
            "last_name": "Варвара",
            "first_name": "Варьева",
            "middle_name": "",
            "phone": "+7 (777) 777-77-77",
            "email": "mail@mail.ru",
            "organization": "ДС№8",
            "note": "11111",
            "birth_date": "2000-01-01",
            "passport": {
                "series": "2222",
                "number": "222222"
            }
        },
        "documents": {
            "passport_scan": "C:/Users/sango/Pictures/Screenshots/Снимок экрана 2025-06-09 151242.png"
        },
        "created_at": "2025-06-11 16:44:17",
        "status": "pending"
    }
]